region,region,hemi,func_grad,x.mni,y.mni,z.mni,region,hemi,thickness,O2_metab,Glucose_metab,fcgradient01,fcgradient02,D1,D2,DAT,5HT1a,5HT1b,5HT2a,5HT4,5HT6,5HTT,a4b2,M1,VAChT,GABA,NMDA,mGluR,NET,H3,CB1,MOR
G Ins lg and S cent ins,LT,left,2,-36.46,-7.484,-0.058,G_Ins_lg_and_S_cent_ins',left,3.0926995,4757.543,5165.936,-3.5588298,-1.4398563,20.88962,2.201993324,36.15564,52.760357,0.870955165,41.32196,2.1538305,0.6044939,9.309482,9.655754,4.3672915,2.666855323,748.0058,8.797562,0.585370602,0.064197786,23.066202,1.4939146,32.677326
G Ins lg and S cent ins,RT,right,2,37.305,-4.064,-3.656,G_Ins_lg_and_S_cent_ins',right,3.2479117,4904.0513,5503.9316,-3.5520942,-1.435014,23.898243,2.139075746,39.513233,54.2293,1.177811708,39.535255,2.0978334,0.5424439,8.946224,9.984543,4.769578,2.332991785,720.4695,8.411192,1.146838195,0.093733154,25.878616,1.5513572,34.43892
G and S cingul-Ant,LL,left,1,-10.877,39.073,8.334,G_and_S_cingul-Ant',left,2.929918,4990.796,6302.584,4.051031,-0.22263825,21.162983,1.109449071,30.589882,36.697113,0.650816006,40.6396,1.1410539,0.5529602,2.7449524,10.48905,4.1403017,0.617475413,516.4201,7.7203946,1.600401289,0.040287368,26.792065,1.4768895,39.48128
G and S cingul-Ant,RL,right,1,11.187,38.601,8.006,G_and_S_cingul-Ant',right,3.020378,4953.337,6264.1367,4.3034015,-0.17138746,21.064358,1.065529052,30.896156,36.768143,0.584412832,34.399437,0.8032254,0.5111576,1.8384062,10.472557,3.9606616,0.319831873,336.91623,7.9680266,1.473549906,0.048905358,25.468952,1.463685,39.68006
G and S cingul-Mid-Ant,LL,left,2,-10.191,13.856,35.766,G_and_S_cingul-Mid-Ant',left,2.8991895,5080.632,6249.0664,-2.1450648,-0.7917397,18.5338,0.981203589,30.72296,30.944578,0.227489919,38.762527,1.0101421,0.4548178,2.7012463,11.174664,3.8481715,2.076993464,409.52972,7.783226,1.19683353,0.097791865,25.215242,1.4294208,37.31795
G and S cingul-Mid-Ant,RL,right,2,10.39,14.795,36.112,G_and_S_cingul-Mid-Ant',right,2.9625096,5083.4287,6348.807,-1.9883826,-0.7399264,18.058868,0.940294714,30.33735,31.392345,0.258078918,32.90037,0.8067457,0.40210122,2.2061074,11.184127,3.7759204,1.736312327,343.7874,7.7076225,1.017225192,0.10116681,25.328531,1.4002229,37.659718
G and S cingul-Mid-Post,LL,left,2,-10.189,-11.567,39.832,G_and_S_cingul-Mid-Post',left,2.7449765,5048.953,6108.8823,-2.5563586,-1.4032044,17.89732,0.763457659,31.116953,29.347511,-0.226503823,30.647936,0.70420164,0.38644797,2.2711747,10.856374,3.7398026,2.479523115,295.12646,7.2126093,0.889668837,0.12546262,22.501532,1.3736949,30.585817
G and S cingul-Mid-Post,RL,right,2,9.828,-9.724,40.879,G_and_S_cingul-Mid-Post',right,2.756067,5033.4033,6163.0654,-2.8022814,-1.5495123,18.573088,0.695180198,30.547834,29.54055,-0.240083847,32.764526,0.91678494,0.30373275,3.0081742,10.75559,3.5246923,2.26911907,365.2009,7.4494605,0.619700659,0.13044348,20.866701,1.3198189,31.425608
G and S frontomargin,LPF,left,1,-24.026,53.836,-6.229,G_and_S_frontomargin',left,2.6004674,5177.7935,6759.471,5.779446,-0.1409293,19.306904,0.944861465,24.998922,35.389355,0.717257402,40.039917,1.3697181,0.5055411,2.5340078,10.406955,3.7605958,-0.181635377,652.985,7.116334,-0.271006355,0.05364816,17.907059,1.44684,33.262657
G and S frontomargin,RPF,right,1,22.974,55.986,-8.061,G_and_S_frontomargin',right,2.6522925,5092.6147,6655.4736,4.828023,-0.084908925,20.708124,0.966974633,25.131805,36.079617,0.753540102,46.044662,1.6681383,0.43608224,3.0957954,11.3348255,4.221376,-0.285359548,708.8946,7.068132,0.055525903,0.044894937,19.514685,1.4489,33.45258
G and S occipital inf,LO,left,3,-39.27,-81.242,-11.977,G_and_S_occipital_inf',left,2.5777278,5240.7,6369.424,-3.5401092,4.387871,12.118317,0.85406388,27.083162,28.162601,-0.252233295,34.384514,0.7347038,0.48345706,1.6050476,10.1601,3.9466763,-0.95764028,817.84296,7.0520644,-0.869120922,0.0639361,14.59213,1.2737978,8.360332
G and S occipital inf,RO,right,3,42.104,-76.432,-11.482,G_and_S_occipital_inf',right,2.616002,5209.4014,6239.885,-3.7195451,4.4978685,13.024929,1.09321423,27.811684,31.844645,0.112411587,39.47498,1.0089641,0.5126512,1.8729545,10.404061,4.535268,-0.890326591,809.28656,7.41876,-0.389612798,0.077160984,15.238449,1.2921298,11.0753565
G and S paracentral,LC,left,2,-7.879,-36.062,68.083,G_and_S_paracentral',left,2.4275315,5183.9033,6552.085,-5.2083836,-2.8037019,7.3293943,0.448952496,22.538223,20.739399,-1.112877919,24.578297,0.77643096,0.28474563,2.6807923,9.0310955,3.3842652,0.427354137,574.54425,7.305757,-1.044201437,0.21050546,17.9343,1.2319608,14.106357
G and S paracentral,RC,right,2,6.915,-34.854,68.429,G_and_S_paracentral',right,2.3617203,5269.42,6625.4854,-5.228658,-2.8229022,7.043847,0.468030025,21.783846,19.703781,-1.190375755,23.354994,0.7680877,0.3182033,2.9393194,9.877297,3.2760754,0.509021712,578.3614,7.203551,-1.271828116,0.24661411,17.988327,1.2101083,11.848185
G and S subcentral,LC,left,2,-56.559,-11.103,15.503,G_and_S_subcentral',left,2.7943196,5137.8574,6098.945,-4.344607,-2.0910678,12.533284,1.03952087,27.895296,34.724815,0.470520035,41.960075,1.5524665,0.51941955,3.5527866,10.292316,4.196542,0.828160217,594.1419,7.9558783,1.389372892,0.16653155,19.324099,1.4331102,25.778042
G and S subcentral,RC,right,2,56.534,-10.438,16.768,G_and_S_subcentral',right,2.7919712,5206.253,6164.442,-4.4616528,-2.1689882,14.365595,1.014939726,28.934574,31.452583,0.136380837,40.618843,1.564447,0.47332588,3.5405078,10.594671,4.3372536,0.958096166,575.85944,7.750096,1.278431074,0.18517832,20.070122,1.3988217,24.140612
G and S transv frontopol,LPF,left,1,-15.187,61.795,0.472,G_and_S_transv_frontopol',left,2.6163697,4946.4077,6530.843,6.0394015,-0.11358927,14.7643385,0.849347688,22.809889,36.702408,0.49138541,46.41765,1.5643395,0.42362756,3.0577648,10.323746,4.1166215,-0.429463346,665.12524,6.1090546,-0.223673979,-0.023945231,19.302843,1.4533224,28.93441
G and S transv frontopol,RPF,right,1,16.678,61.254,1.985,G_and_S_transv_frontopol',right,2.568157,5086.6167,6664.431,5.9243073,-0.08759237,17.016712,0.899695287,23.525291,39.02647,0.744319558,47.512325,1.6086506,0.4174239,3.035512,11.363306,4.369185,-0.525702797,664.7468,6.358985,0.272666575,-0.010788028,19.685549,1.4789659,30.663774
G cingul-Post-dorsal,LL,left,1,-5.101,-36.409,30.514,G_cingul-Post-dorsal',left,2.982966,5569.4717,7454.818,5.1639137,-0.094640166,21.680851,0.596111606,30.532005,31.834808,-0.307926484,30.181074,0.9092695,0.42690215,2.2313485,9.55928,3.667086,0.596788839,425.86963,8.165996,0.926038808,-0.010984764,17.171692,1.2441651,22.643486
G cingul-Post-dorsal,RL,right,1,5.363,-36.443,30.714,G_cingul-Post-dorsal',right,3.0239654,5711.017,7258.408,4.9102077,-0.06493162,22.306347,0.597819327,30.437063,33.38356,-0.244562395,32.652138,0.9682192,0.3860863,2.3113978,10.213624,3.541785,0.755820177,415.68796,8.20138,0.936336674,-0.008114152,16.943295,1.225814,24.478827
G cingul-Post-ventral,LL,left,1,-9.817,-46.978,5.625,G_cingul-Post-ventral',left,2.3823304,5129.453,6169.339,1.5586662,0.76245415,8.143465,0.00631901,26.3804,18.921589,-2.597842303,20.546568,0.9703375,-0.19716883,2.6950471,5.3125024,1.1620207,-2.2888808,312.5813,6.071671,-3.286718221,-0.28741503,10.887862,0.9058059,4.801376
G cingul-Post-ventral,RL,right,1,10.218,-49.055,7.38,G_cingul-Post-ventral',right,2.5190914,5045.642,6158.477,1.2652239,1.0664386,10.569948,0.20016838,26.936783,20.741535,-2.290768973,23.157785,1.1607149,-0.014333976,3.2814045,7.49034,1.7093692,-1.295094437,333.94183,6.4009213,-2.397631676,-0.2079969,12.356815,0.98667276,6.372394
G cuneus,LO,left,3,-5.703,-82.559,15.05,G_cuneus',left,2.057339,6119.4395,7178.671,-4.289157,4.2384696,15.26226,0.564826564,27.189325,21.995039,0.165338725,39.155746,0.9684689,0.5580282,3.5254483,9.267744,4.54977,-1.249709536,910.9175,7.439774,-0.087696587,0.07047714,16.58126,1.1461924,1.9486762
G cuneus,RO,right,3,6.428,-81.143,17.312,G_cuneus',right,2.0565124,6315.006,7291.7114,-4.3196554,4.2544527,15.4060955,0.625501841,26.850939,23.472221,0.055209603,39.998474,0.9470257,0.55823326,3.2421467,9.677846,4.5328116,-1.009565602,901.39294,7.311178,-0.118151198,0.069709145,16.798712,1.1524093,2.2009182
G front inf-Opercular,LF,left,1,-50.085,11.87,7.46,G_front_inf-Opercular',left,2.8984835,5415.7686,6820.637,0.732237,-0.6082602,16.3211,1.076533137,28.824726,41.562954,1.181701603,44.833107,1.5311586,0.58917737,3.1010976,10.561284,4.250642,0.689381475,610.3428,8.102773,1.596330197,0.07994368,21.4346,1.4350193,32.01939
G front inf-Opercular,RF,right,2,50.918,9.801,8.232,G_front_inf-Opercular',right,2.9320517,5442.8774,6879.514,-0.58972794,-0.6116087,19.243692,1.113015902,29.29502,41.287914,1.284833712,47.682163,1.7211872,0.58474994,3.2554994,11.397738,4.6258883,0.448910041,676.5454,8.017967,1.77275713,0.14508402,22.93118,1.459843,31.779295
G front inf-Orbital,LF,left,1,-44.306,30.741,-10.499,G_front_inf-Orbital',left,2.9170268,5164.9175,6687.7324,5.2931337,-0.28256002,17.00735,1.028198868,28.322721,30.4774,0.264087504,43.939953,1.5953796,0.5687574,3.5951188,10.768563,3.9440775,-0.164252393,589.5482,7.904216,0.569414555,0.051148433,19.292747,1.3906708,29.774168
G front inf-Orbital,RF,right,1,47.925,32.35,-6.988,G_front_inf-Orbital',right,2.7827692,5190.0186,6764.98,5.2587905,-0.18695751,16.61259,0.941292253,27.583338,28.661888,0.288301461,45.136654,1.2267838,0.5205038,2.5466926,11.395198,4.188195,-0.172130209,637.995,7.577844,0.417482121,0.087923594,19.23339,1.3663487,29.658272
G front inf-Triangul,LF,left,1,-48.826,29.933,3.848,G_front_inf-Triangul',left,2.6912408,5197.6587,6939.739,4.702516,-0.15070176,13.894013,0.882670629,27.253777,30.390984,0.610837051,43.271362,1.2271962,0.55314136,2.7087862,10.868783,3.7624567,0.001287725,583.29205,7.513544,0.581298982,0.09360928,17.514128,1.3976517,28.843586
G front inf-Triangul,RF,right,1,51.05,28.051,6.786,G_front_inf-Triangul',right,2.6930904,5240.134,6970.4526,2.741535,0.03620214,14.305699,0.875601355,27.354553,29.926178,0.606339744,39.453392,1.1900162,0.54871255,2.477321,11.69315,4.268987,-0.034600492,635.2973,7.7067685,0.630434523,0.1286384,19.953869,1.3766882,27.46847
G front middle,LF,left,1,-37.27,29.7,31.553,G_front_middle',left,2.640196,5184.1978,6997.3,4.0917096,-0.04001478,13.655559,0.862150183,24.927685,34.325874,0.850983954,30.990986,0.74578303,0.5778949,1.3605448,11.307685,4.1033134,-0.298442469,668.4713,7.45959,0.561709938,0.08788223,20.12622,1.4249274,32.294205
G front middle,RF,right,1,38.204,29.401,30.849,G_front_middle',right,2.6460688,5308.886,7200.8896,4.0863094,0.057296965,14.709412,0.90304004,25.417294,34.694157,1.102707467,36.643223,0.8793151,0.5423434,1.5042516,12.206998,4.6378927,-0.382337565,711.7647,7.4903035,0.571984554,0.11303868,21.541967,1.448164,32.01614
G front sup,LF,left,1,-9.03,21.65,51.327,G_front_sup',left,2.891869,5031.3433,6606.5244,2.406174,-0.7464147,11.444259,0.738927442,23.411587,29.734648,0.052737436,43.96027,1.2902105,0.4561409,2.5158734,10.510348,3.763473,-0.141522061,662.6906,7.7000885,-0.080725445,0.06691274,21.93423,1.3417408,28.907766
G front sup,RF,right,1,9.28,22.781,52.457,G_front_sup',right,2.8794823,5105.056,6653.259,2.038244,-0.7178289,11.867548,0.77125373,23.118555,29.462976,0.04512586,39.26412,1.1958145,0.45986876,2.3385515,10.914336,3.7981071,-0.143164952,654.675,7.741495,-0.085569352,0.06871025,21.313896,1.3346502,28.772318
G insular short,LT,left,2,-35.043,8.586,-2.554,G_insular_short',left,3.6307635,4990.119,5933.024,-0.37877473,-0.50825614,22.151548,1.982786991,35.443413,54.334084,1.462487525,44.500683,2.098246,0.60867715,7.9766235,9.891407,4.0458174,1.336025173,691.7408,8.911701,1.011496657,0.04191315,25.295555,1.5100799,37.602474
G insular short,RT,right,2,36.318,9.454,-2.202,G_insular_short',right,3.535017,5226.571,6338.5815,-0.70882195,-0.48122284,23.587677,1.761049622,36.98673,55.137394,1.935275828,42.609337,1.9387918,0.5845365,7.117556,10.497427,4.7498565,1.278059262,726.41486,8.841928,1.912330596,0.093001336,25.763237,1.5555173,37.952938
G oc-temp lat-fusifor,LT,left,3,-35.646,-53.889,-17.966,G_oc-temp_lat-fusifor',left,2.9658241,5383.5557,6188.593,-3.1465206,4.5643344,17.73648,1.081982231,29.861328,39.433918,-0.127844508,41.524216,1.5644971,0.3998534,3.4547749,10.204262,3.3284194,-0.704470655,760.45435,7.5464168,-0.317982981,0.025120048,16.499691,1.3508354,18.766062
G oc-temp lat-fusifor,RT,right,3,34.63,-52.534,-17.037,G_oc-temp_lat-fusifor',right,2.9598665,5404.2324,6213.595,-3.3460653,4.616183,19.484026,1.314083318,30.008142,38.535362,0.046051604,40.537006,1.4851503,0.46182922,3.1566327,10.340078,3.8294241,-0.789495082,726.4423,7.3857894,-0.198839471,0.03744629,17.134077,1.3658624,18.787174
G oc-temp med-Lingual,LO,left,3,-11.197,-73.654,-5.086,G_oc-temp_med-Lingual',left,2.1472893,6238.2905,7188.5435,-4.109232,4.356087,17.260338,0.39502435,28.88413,21.536049,-0.604576536,37.088337,0.9408412,0.2373872,3.3640363,7.890028,2.9023135,-1.42577434,825.2951,7.644849,-1.080999161,-0.07053744,13.737035,1.1026374,1.9608204
G oc-temp med-Lingual,RO,right,3,12.425,-67.656,-4.46,G_oc-temp_med-Lingual',right,2.1812267,6111.913,6890.0234,-4.2462883,4.522121,16.937737,0.573316908,28.73271,22.958313,-0.336945209,36.59698,1.0000951,0.36127877,3.4057825,9.07805,3.4559035,-1.306370413,774.2964,7.637379,-0.968109082,-0.029017845,15.113209,1.123519,2.7391722
G oc-temp med-Parahip,LT,left,1,-23.67,-19.45,-26.838,G_oc-temp_med-Parahip',left,2.9462755,4135.478,4690.483,1.6085118,0.5351126,8.493961,1.015472282,31.796394,43.222366,-0.815307669,21.400465,1.2984658,0.023185791,5.7742085,8.515596,1.8720086,-0.81423003,266.56235,5.2178288,-2.783034267,-0.11271317,14.580176,1.1683422,15.703757
G oc-temp med-Parahip,RT,right,1,25.122,-16.652,-27.74,G_oc-temp_med-Parahip',right,2.952451,4190.677,4671.2754,0.9025373,0.76518416,10.009597,1.154146053,31.188663,43.056263,-0.58907783,20.202179,1.2570546,0.13316937,5.5957165,8.995965,2.2992053,-0.737709588,263.88782,5.440113,-2.364287605,-0.113955915,15.704178,1.2029523,16.14729
G occipital middle,LO,left,3,-39.239,-82.374,11.232,G_occipital_middle',left,2.5829682,5025.7607,6238.402,-3.007123,3.900398,9.604877,1.028572275,24.776207,25.346148,0.079935931,35.01463,0.98446923,0.54553133,1.7943155,10.962235,4.6513877,-0.734888471,754.67804,7.517077,0.138469556,0.1230787,16.764488,1.3784395,14.766112
G occipital middle,RO,right,3,40.033,-79.453,12.821,G_occipital_middle',right,2.5788362,4987.1826,6198.519,-2.8826926,3.7770844,11.290682,1.08202596,26.078485,27.931038,0.195509542,36.803963,1.004543,0.46051186,1.6413769,10.705791,4.8051243,-0.645405982,733.4146,7.7946305,0.387898261,0.10472268,17.193377,1.3396896,16.14621
G occipital sup,LO,left,3,-14.847,-86.955,26.707,G_occipital_sup',left,2.1843112,5350.513,6482.1987,-4.4628444,4.7994113,9.252837,0.700419304,23.843548,17.496304,-0.668563571,25.425816,0.47622916,0.4474158,1.275807,9.84702,4.276306,-1.179112868,721.30994,7.1600647,-0.774636314,0.10068403,15.239457,1.2262666,4.7134833
G occipital sup,RO,right,3,18.948,-85.935,31.252,G_occipital_sup',right,2.2354374,5351.4854,6585.9824,-4.345246,4.6698375,9.06933,0.809880602,23.801352,20.446281,-0.423422245,26.71792,0.5964492,0.44941595,1.3993139,10.360057,4.3582563,-1.058464851,644.09216,7.113946,-0.567066679,0.08810943,15.146884,1.23234,7.4957404
G orbital,LPF,left,1,-27.36,30.677,-17.425,G_orbital',left,2.9147625,4929.095,6328.0303,4.7900753,-0.089462616,18.821617,1.143442114,28.542694,31.873924,-0.024433178,48.109375,1.7782522,0.42362523,4.5666075,10.073349,3.8965583,0.207812582,574.3244,7.8146205,-0.098284596,-0.020107167,20.292599,1.4329956,32.86246
G orbital,RPF,right,1,26.58,30.04,-17.02,G_orbital',right,2.9163601,5060.3096,6473.0757,4.515072,-0.08926393,19.08387,1.073726172,28.965797,31.607327,0.155362427,48.15863,1.7888811,0.36173207,4.592305,10.525651,4.1865625,0.196648143,639.56744,7.8048377,-0.017137696,-0.005592307,20.35825,1.4092203,33.70648
G pariet inf-Angular,LP,left,1,-42.927,-64.441,38.345,G_pariet_inf-Angular',left,2.647439,5192.0356,6792.55,5.789875,0.013335914,12.358666,1.181236848,23.338364,30.286318,0.214931837,39.070736,1.1088436,0.5908654,1.5298992,11.491002,4.740059,-0.74808499,692.5335,7.362521,0.577395728,0.099123985,18.332664,1.4429796,25.062765
G pariet inf-Angular,RP,right,1,46.059,-60.622,39.301,G_pariet_inf-Angular',right,2.6720095,5263.5034,6766.178,4.6965513,0.045959495,15.348366,1.268851663,25.10408,34.030113,0.537418469,32.605354,0.8555897,0.58080155,1.1416103,11.707498,4.7609324,-0.586266829,628.47565,7.5650425,0.962059784,0.11950977,18.879416,1.4158041,27.373825
G pariet inf-Supramar,LP,left,2,-55.777,-36.111,31.904,G_pariet_inf-Supramar',left,2.731406,5140.897,6350.1885,-0.22495176,-0.44676292,13.185593,1.247451087,25.820475,34.3491,0.389526015,37.059147,1.1848412,0.559476,2.0447521,10.918819,4.5506597,-0.024503618,664.3675,7.5160418,1.151105687,0.12668046,18.72859,1.4864575,29.339516
G pariet inf-Supramar,RP,right,2,56.53,-31.724,30.782,G_pariet_inf-Supramar',right,2.764966,5100.3975,6194.219,-1.8962741,-0.49262834,15.148374,1.095188289,26.444302,32.930225,0.344571853,39.20978,1.4703851,0.46445006,2.393731,10.723967,4.5203233,-0.183239008,652.69775,7.465076,1.061134087,0.13130334,18.4353,1.3954259,28.749842
G parietal sup,LP,left,3,-18.662,-57.73,58.569,G_parietal_sup',left,2.316186,5152.5205,6516.4297,-3.2338407,0.89146996,10.079772,0.792137135,22.23717,26.195341,-0.519486289,25.779379,0.65486616,0.46332783,1.1519163,10.084851,4.0212846,-0.826196931,657.62024,6.9812064,-0.3322877,0.07821593,16.709677,1.2871928,19.855574
G parietal sup,RP,right,2,18.166,-53.808,60.08,G_parietal_sup',right,2.3150375,5154.4175,6573.613,-3.783487,0.6726547,10.159142,0.790883092,21.939096,25.998642,-0.487085658,27.211828,0.6581568,0.45680234,1.0219904,10.279124,4.003266,-1.154139166,616.0229,6.7800446,-0.58486779,0.087497145,16.749905,1.2621748,19.928278
G postcentral,LC,left,2,-45.544,-25.929,54.949,G_postcentral',left,2.2032971,5089.8047,6313.6367,-5.179122,-2.6759472,5.6378427,0.798921471,23.109577,21.404764,-0.587401103,19.748226,0.44551334,0.39976537,1.2995353,10.472861,4.0188594,-0.13602446,607.77496,6.8668237,-0.693029422,0.20179369,17.179178,1.3476653,13.91993
G postcentral,RC,right,2,45.826,-23.617,54.373,G_postcentral',right,2.2150018,5248.4873,6530.901,-5.2140923,-2.722595,7.0652075,0.659781188,23.28394,20.292568,-0.628887401,26.323423,0.7636194,0.34048668,2.062495,10.3361225,3.9283135,-0.365767311,580.61975,7.0815544,-0.856991824,0.21138524,18.245802,1.2778002,12.799701
G precentral,LC,left,2,-41.773,-9.72,51.554,G_precentral',left,2.8694859,5098.4487,6549.0312,-4.1573544,-1.9414772,6.610644,0.651228557,23.209942,22.656763,-0.253829681,29.996767,0.70735013,0.4259191,1.6026953,10.985413,3.5670755,0.477004795,671.0758,7.500356,-0.593375174,0.19080567,18.869509,1.3253329,20.623173
G precentral,RC,right,2,40.651,-8.156,53.418,G_precentral',right,2.8511763,5224.447,6671.417,-4.543342,-1.9727403,7.8710766,0.632331824,23.347578,21.957884,-0.344476183,30.280975,0.81302756,0.38459986,1.7807242,11.279281,3.6306047,0.309188757,633.9902,7.4515924,-0.834250966,0.17887557,19.751564,1.2844769,19.462065
G precuneus,LP,left,1,-7.562,-58.501,45.07,G_precuneus',left,2.5745718,5743.6685,7234.7944,1.7857733,0.13361837,16.83736,0.776643151,26.127098,30.144382,-0.288036451,38.243237,1.3379902,0.4918708,2.5317943,9.8418045,4.3127594,-0.513493801,649.3532,8.158985,0.750653315,0.059449453,18.499495,1.308023,21.6051
G precuneus,RP,right,1,7.723,-59.505,46.822,G_precuneus',right,2.5291307,5641.3125,7164.551,1.0158222,0.26126242,15.078932,0.794681283,24.872541,29.610895,-0.253827202,38.60696,1.2476748,0.54220766,2.233615,10.465956,4.3131504,-0.490751748,691.25757,7.6301785,0.590286688,0.074324794,18.238878,1.2932861,21.613272
G rectus,LPF,left,1,-5.893,36.009,-20.016,G_rectus',left,2.6927273,5170.1265,6440.667,5.521227,-0.08074366,22.218342,1.074956693,29.665709,38.355705,0.27617007,36.699562,1.4466878,0.3346258,3.309654,9.642493,4.247468,0.103994973,471.7497,7.9641366,0.609902695,-0.057209883,22.815336,1.4342167,34.547127
G rectus,RPF,right,1,6.54,33.631,-20.422,G_rectus',right,2.660934,5138.16,6358.658,5.10405,-0.001219732,22.492107,1.115024166,29.365831,36.92676,0.200776742,41.26937,1.6331728,0.2920959,3.52698,9.888686,4.3026195,0.15708707,427.68552,7.886745,0.489923891,-0.059932142,21.579123,1.4382993,34.9999
G subcallosal,LL,left,1,-5.987,15.553,-8.696,G_subcallosal',left,2.7469776,4711.4937,5582.598,5.440539,-0.015308738,23.813753,2.071155624,49.807995,32.334568,-0.444648015,39.126587,1.7235006,0.33626127,6.9167066,9.325412,4.1245694,1.764255838,582.1628,7.7362447,0.129474133,-0.058005743,33.775394,1.4365376,35.057503
G subcallosal,RL,right,1,6.973,15.34,-11.926,G_subcallosal',right,3.0564835,4913.3984,5661.205,5.4971685,-0.021320242,23.497023,2.217961782,44.776527,41.06722,0.09128695,13.844353,0.49381173,0.38111562,1.9344741,9.438418,4.2592573,1.23956584,151.09001,7.426472,0.478324814,-0.05951633,28.497578,1.4587386,33.274803
G temp sup-G T transv,LT,left,2,-47.781,-21.011,5.17,G_temp_sup-G_T_transv',left,2.7388146,5753.585,6905.163,-3.6004913,-1.3837458,18.440096,1.058914645,31.056019,38.212334,0.192710009,53.76404,2.0107558,0.50896066,6.629008,9.841246,4.1137614,2.465770676,919.0347,8.607928,0.906215221,0.121220596,20.909979,1.2707987,16.265718
G temp sup-G T transv,RT,right,2,48.106,-19.114,5.111,G_temp_sup-G_T_transv',right,2.7602303,5757.646,7030.1865,-3.6696813,-1.4127083,21.216093,1.152968713,31.732306,39.1664,0.577067899,49.630886,1.840467,0.5247473,6.1927657,10.571318,4.584609,1.694645038,865.5219,9.349289,1.418370889,0.18299878,22.11879,1.3417565,16.230425
G temp sup-Lateral,LT,left,2,-59.331,-15.346,-0.934,G_temp_sup-Lateral',left,3.1141477,4880.5483,5617.1436,-1.2784616,-0.8729346,11.171367,1.453326405,25.873413,36.01144,0.11550832,46.921276,2.1386068,0.55688995,4.541905,9.694378,4.273999,0.381664481,696.7285,7.6057673,0.625341828,0.07461365,19.000381,1.4513168,24.540714
G temp sup-Lateral,RT,right,2,60.502,-12.851,-0.826,G_temp_sup-Lateral',right,3.135522,4879.688,5680.089,-1.870882,-1.1126093,12.862241,1.493329942,26.910597,33.942837,-0.404778359,50.982628,2.2456644,0.4525814,4.8783174,9.689607,4.463794,0.355178823,645.3733,7.63985,0.540712905,0.06869927,18.587162,1.4008446,22.387962
G temp sup-Plan polar,LT,left,1,-37.993,2.343,-25.039,G_temp_sup-Plan_polar',left,3.3741198,3657.8716,3990.5398,1.3366163,-0.29341194,15.29639,1.777427974,31.077072,48.027252,0.047715572,27.5786,1.6438488,0.34546554,7.953881,8.312825,3.4349837,-0.066219012,471.07184,6.959503,-1.41765208,-0.07180883,18.015875,1.4463027,29.567734
G temp sup-Plan polar,RT,right,1,40.349,3.752,-24.303,G_temp_sup-Plan_polar',right,3.2667265,4121.322,4515.903,0.519883,-0.6026969,15.356566,1.633975498,31.138792,49.032238,0.231952565,30.507195,1.6238923,0.35616478,7.1593065,8.548071,3.7073357,-0.581543637,523.6711,7.185132,-0.594856142,-0.060470782,19.011377,1.4277005,27.957575
G temp sup-Plan tempo,LT,left,2,-57.002,-41.383,15.188,G_temp_sup-Plan_tempo',left,2.8612382,5282.2886,6269.2456,-1.4144839,-0.99855393,13.114648,1.162414471,27.21995,37.886135,0.460136428,45.46069,1.734038,0.5765203,3.47127,10.384379,4.260587,0.283624719,638.9028,8.615669,1.039362583,0.11368971,18.113104,1.4076799,24.605452
G temp sup-Plan tempo,RT,right,2,58.087,-34.708,15.135,G_temp_sup-Plan_tempo',right,2.747646,5433.437,6528.4995,-3.0785475,-1.14434,16.112923,1.261917682,27.968613,37.367718,0.774476657,50.419056,1.9618032,0.56980103,3.6390543,11.042644,4.886671,0.377087802,723.64154,8.55766,1.499569373,0.17715141,20.6639,1.4111077,23.971508
G temporal inf,LT,left,1,-51.331,-37.894,-24.64,G_temporal_inf',left,3.037431,4704.2734,5728.158,2.0244615,0.555386,16.590483,1.652775428,28.61542,48.604424,0.60772659,49.050762,1.9081372,0.54074526,2.7356558,9.511335,4.2522063,-0.559372612,700.98694,7.689302,0.130192411,0.004698645,15.293284,1.3824201,29.078856
G temporal inf,RT,right,1,52.585,-34.688,-23.578,G_temporal_inf',right,3.0335844,4692.4326,5697.7964,1.6927031,0.8687733,18.225517,1.80166492,28.998714,47.826515,0.857081499,40.659954,1.5667038,0.5382426,2.2565029,10.305176,4.541066,-0.567418621,588.1969,7.6533895,0.274749501,0.050254036,15.938334,1.3979824,28.676954
G temporal middle,LT,left,1,-58.882,-35.896,-12.614,G_temporal_middle',left,3.0848792,4770.0156,5897.2124,4.5512667,0.002335872,14.926931,1.610780118,26.895456,42.695324,0.589995288,42.29807,1.654418,0.6409225,2.3340743,9.858497,4.2837796,-0.317956085,684.20514,7.6950502,0.775507373,0.050852112,16.168451,1.4070112,28.959707
G temporal middle,RT,right,1,59.788,-33.921,-12.556,G_temporal_middle',right,3.0695055,4837.6006,5992.395,4.5550027,0.072396286,17.296764,1.759502422,28.178898,41.21973,0.598095422,49.011143,1.9490546,0.5835492,2.8165128,10.708948,4.856923,-0.382011981,668.39197,7.9041286,0.940327957,0.09709593,17.592222,1.4378976,28.616346
Lat Fis-ant-Horizont,LF,left,1,-38.82,32.499,-2.872,Lat_Fis-ant-Horizont',left,2.730736,5064.82,6657.2993,2.5627427,-0.37767634,13.3993635,0.823192799,31.593191,28.89298,-0.03108312,38.83596,1.076412,0.44942975,2.6928742,10.81186,2.9553807,0.031127817,510.51355,8.050643,0.508227834,-0.005705843,15.569539,1.2292857,24.932114
Lat Fis-ant-Horizont,RF,right,1,41.415,30.224,2.684,Lat_Fis-ant-Horizont',right,2.6942756,5166.081,6714.793,0.23249342,-0.36894917,13.552732,0.877623378,32.387295,31.852999,0.548083483,32.36754,0.8243371,0.51975363,1.980573,11.3657675,4.0796804,-0.11630081,374.2425,7.6884413,0.559787755,0.066438064,19.930803,1.2981778,26.17043
Lat Fis-ant-Vertical,LF,left,1,-43.715,21.733,8.441,Lat_Fis-ant-Vertical',left,2.8240223,5190.409,6769.933,1.7990305,-0.3199862,16.597647,1.07959669,32.306133,32.868652,0.590920747,51.095978,1.647755,0.57366705,3.9849668,10.92843,4.1318555,0.436375337,722.93317,8.127485,1.508056823,0.032477625,19.713575,1.3702414,30.316612
Lat Fis-ant-Vertical,RF,right,1,45.448,21.327,9.036,Lat_Fis-ant-Vertical',right,2.8262813,5382.084,6976.3604,2.2454853,-0.18070471,17.14714,0.932280537,31.611694,35.86675,0.825905648,37.992985,1.0940491,0.579413,2.4117115,11.566962,3.7634206,0.372477369,818.0376,8.015475,1.23771102,0.090368636,21.619175,1.3885622,29.045475
Lat Fis-post,LT,left,2,-39.745,-34.67,18.317,Lat_Fis-post',left,2.5670135,5242.4966,6323.284,-3.8592606,-1.6794536,14.439628,0.623746021,31.515081,22.639307,-1.499288081,33.653732,1.0854019,0.27374557,4.17223,10.098248,2.2590787,0.300777675,486.6807,8.345096,-0.878038035,-0.03107655,13.337284,1.0598758,16.024086
Lat Fis-post,RT,right,2,38.608,-28.952,19.349,Lat_Fis-post',right,2.6003575,5089.9766,6261.4424,-4.227787,-1.8782458,17.547195,0.97064352,32.742966,24.342579,-0.690887393,35.714153,1.1206034,0.4190373,4.445785,10.686179,3.464729,1.310837468,503.10468,8.234805,0.275325313,0.08819006,16.74057,1.1648705,20.494116
Pole occipital,LO,left,3,-17.721,-97.276,-5.706,Pole_occipital',left,2.070553,5423.9717,6546.527,-0.6071288,1.9094378,10.231975,0.541378429,25.882307,15.030733,-0.496262916,29.024048,0.4153975,0.4560237,1.3373865,9.438501,4.2332616,-1.253801691,852.65515,6.8767767,-1.241884327,0.060299795,15.721242,1.2094477,0.2249284
Pole occipital,RO,right,3,17.394,-94.985,-3.658,Pole_occipital',right,2.0471165,5622.384,6660.108,-1.6180614,2.6398733,10.35156,0.632951893,25.989197,15.799431,-0.266193871,35.691494,0.60852706,0.47020927,1.8214333,10.039164,4.356192,-1.237659499,857.37415,7.0975633,-1.128068117,0.04545905,15.271079,1.1695256,0.23920584
Pole temporal,LT,left,1,-34.89,2.935,-37.098,Pole_temporal',left,3.4837615,4026.046,4606.128,3.3902333,0.18779819,15.39787,1.830122503,29.623215,52.60666,0.258060727,40.30955,1.9824097,0.38445222,5.834614,8.227344,3.8592508,-0.694905788,472.65347,7.22362,-0.664119042,-0.10661859,15.099564,1.455401,32.11191
Pole temporal,RT,right,1,38.295,5.021,-36.584,Pole_temporal',right,3.3954546,4074.4922,4649.249,3.4615498,0.2247144,17.228323,1.917798934,29.60946,50.32572,0.166625333,36.80201,1.7797251,0.43425116,5.144239,8.632061,4.017934,-0.908604008,450.91296,7.3579097,-0.474476698,-0.11551528,15.085154,1.4138724,30.970953
S calcarine,LO,left,3,-17.114,-66.698,4.784,S_calcarine',left,2.1529233,5753.071,6637.2905,-3.0014737,3.2274644,16.454073,0.490652891,29.05057,17.43182,-0.213779752,38.35649,1.1424285,0.41615322,4.4122453,8.925847,3.8095577,-0.875355494,748.45105,7.282986,-0.833340296,-0.010149404,15.29629,1.091827,4.362686
S calcarine,RO,right,3,18.88,-62.432,5.357,S_calcarine',right,2.191186,5629.4556,6500.418,-3.2465796,3.429694,15.507169,0.464992032,29.351675,17.759817,-0.890646357,39.07706,1.2327044,0.37699696,4.8209324,9.196854,3.64106,-1.191822585,872.8396,7.330123,-0.821373043,-0.034483224,15.180222,1.0805871,4.989763
S central,LC,left,2,-36.398,-21.981,46.486,S_central',left,2.1372294,5554.897,6860.723,-4.9643264,-2.4985023,8.910274,0.478695301,27.8012,19.309118,-1.092479236,24.312344,0.76309466,0.2846634,2.5439756,9.972228,2.5296202,1.167057547,579.5008,7.205752,-1.498185162,0.1458301,14.15486,1.1202416,9.743007
S central,RC,right,2,35.89,-19.96,46.41,S_central',right,2.1394985,5612.549,6966.2334,-4.956764,-2.478999,10.592118,0.483279056,28.518728,18.896948,-0.892415043,21.680975,0.7435458,0.26757196,2.4210572,10.687344,2.3833385,1.105663773,543.678,7.2630153,-1.407048588,0.13716531,14.081496,1.1027125,9.14218
S cingul-Marginalis,LC,left,2,-15.26,-37.588,45.383,S_cingul-Marginalis',left,2.4820824,5056.5654,6262.6494,-2.336905,-0.6764677,16.524076,0.749081543,29.638784,27.421635,-0.542009025,30.237865,1.0055118,0.46718428,2.333426,10.401434,3.8519182,0.317421499,376.71292,7.381512,0.634197245,0.09701229,19.191639,1.3435193,24.478231
S cingul-Marginalis,RC,right,2,14.303,-37.59,45.995,S_cingul-Marginalis',right,2.4397695,5209.6113,6306.708,-3.0729918,-0.64952123,17.4248,0.622830201,29.137724,26.7202,-0.618304722,34.795704,1.0850424,0.35327902,2.6061099,10.1230345,3.5838885,0.38165362,436.69318,7.2955656,0.194785733,0.08076353,17.921286,1.2597693,24.607246
S circular insula ant,LT,left,1,-27.738,22.278,-9.516,S_circular_insula_ant',left,3.1399543,4949.8174,6225.135,3.0187466,-0.2649726,18.782942,1.800195012,36.886993,34.708385,0.010646058,36.532696,1.265003,0.50115466,4.6106114,10.001917,3.3167682,0.536631673,496.37558,8.842013,-0.106361374,-0.034640104,19.39266,1.3224033,35.075745
S circular insula ant,RT,right,1,29.668,23.312,-7.027,S_circular_insula_ant',right,3.120388,5117.283,6498.2207,2.7676117,-0.18234317,19.986628,1.57135718,38.601204,39.611427,0.835673123,35.525116,1.4226156,0.5323905,5.135767,10.784952,3.925404,0.845361716,681.2315,8.693092,0.557827272,0.03726354,22.012476,1.3835241,35.608826
S circular insula inf,LT,left,2,-39.502,-13.872,-7.846,S_circular_insula_inf',left,2.8566546,4562.3574,5204.318,-3.0200715,-1.1964827,19.610392,1.980805946,35.121445,43.717102,-0.001775476,31.175842,1.3227282,0.5015642,5.5705056,9.781829,3.8016229,2.020504704,478.3567,7.594816,-0.650294269,0.004369682,21.212818,1.381129,27.09757
S circular insula inf,RT,right,2,41.392,-12.95,-7.87,S_circular_insula_inf',right,2.8041537,4720.1416,5506.1357,-2.95783,-1.1318089,21.850508,1.771494553,36.984898,43.770424,0.20190829,26.683252,1.1022155,0.44733748,4.8194475,9.85744,4.247068,1.605470336,382.29785,7.521236,0.077300057,0.042042255,22.852987,1.3980727,28.137774
S circular insula sup,LT,left,2,-34.484,5.133,11.951,S_circular_insula_sup',left,2.8174903,5009.1284,6033.3823,-2.7929976,-1.1640384,18.000267,1.731081071,36.37234,31.722895,-0.346683768,31.987387,0.9586048,0.54408264,3.39181,10.588299,3.3911417,2.050245374,393.4425,8.470714,0.816404056,-0.008393684,18.21874,1.2717985,31.737982
S circular insula sup,RT,right,2,34.968,5.708,11.641,S_circular_insula_sup',right,2.8249288,5010.8496,6164.1616,-2.9791238,-1.2306032,18.982492,1.529592613,38.046806,32.842545,0.216215525,32.630062,1.1226867,0.5511562,3.858597,10.950049,4.032648,1.85302375,467.61725,8.341981,1.127309835,0.046524506,21.903769,1.3769166,33.014652
S collat transv ant,LT,left,1,-40.799,-21.096,-23.879,S_collat_transv_ant',left,2.8662913,4519.329,5377.801,1.5647675,0.8252382,13.326662,1.518314189,33.29352,44.045597,-0.242658638,36.6836,1.334764,0.5166645,2.9390874,8.857252,3.5902157,-0.729056831,650.4274,7.602483,-0.494837793,-0.04939518,13.043455,1.3589474,22.573284
S collat transv ant,RT,right,1,41.753,-20.346,-24.345,S_collat_transv_ant',right,2.8984475,4354.647,5154.1313,0.20573871,1.5357419,14.772402,1.722071066,32.768738,48.14086,0.252437302,28.06536,1.018312,0.51761717,2.1970026,9.334213,3.9314435,-0.865791724,508.81323,7.522944,-0.473829604,-0.034814943,14.026593,1.3660979,23.44919
S collat transv post,LO,left,3,-24.54,-78.901,-7.608,S_collat_transv_post',left,2.429131,5636.2554,6736.9805,-4.313655,5.3294396,14.803528,0.805455336,30.110573,14.492863,-1.12743036,30.252981,0.47378287,0.46064338,1.191047,9.999712,3.8990276,-1.144162817,803.3581,7.472378,-1.232917497,0.031667124,15.212801,1.21085,1.8084872
S collat transv post,RO,right,3,25.687,-78.075,-8.216,S_collat_transv_post',right,2.378794,5526.647,6882.204,-4.2906685,5.317456,15.707292,0.835962533,29.72521,16.020891,-1.124827811,42.97544,1.3036574,0.49497983,3.0099475,10.171617,4.0923953,-1.050553828,936.3883,7.1847534,-1.051222233,0.033142865,15.414832,1.1934183,2.9704561
S front inf,LF,left,1,-38.112,22.769,21.882,S_front_inf',left,2.5898082,5412.7617,7336.2314,2.6274495,0.4152586,15.240284,0.576215118,29.90956,26.900587,-0.191465613,35.144066,0.87371516,0.37729952,1.8684185,10.349272,2.460388,-0.113988058,541.9933,7.741818,-0.177001447,-0.011504005,13.655152,1.1916183,25.921421
S front inf,RF,right,1,38.7,23.248,20.601,S_front_inf',right,2.587393,5565.7476,7430.934,1.9210305,0.5468802,16.064903,0.699781944,30.352322,27.043715,0.239646709,35.010254,0.9880897,0.49192694,1.9980583,11.318284,3.2004213,-0.091273732,626.17267,7.8196335,0.183126289,0.06539846,17.377836,1.266415,25.399908
S front middle,LF,left,1,-25.968,43.597,18.904,S_front_middle',left,2.5159554,5362.1426,7081.941,1.3333982,-0.2801063,15.954877,0.76914827,28.50723,30.465652,0.21019529,33.066628,0.83753985,0.47547594,1.5921656,10.131857,2.8263855,-0.330077151,671.0897,7.829065,-0.222033193,0.03915191,15.948689,1.3210701,31.258753
S front middle,RF,right,1,28.296,40.93,22.288,S_front_middle',right,2.529028,5531.2173,7314.4585,1.4674376,-0.1679513,18.85894,0.899955446,28.896955,33.05036,0.820184952,38.589176,0.9904358,0.5849912,1.8730167,11.435761,3.9119506,0.089347025,685.2646,7.7201796,0.382380149,0.10930339,19.605038,1.407409,32.407745
S front sup,LF,left,1,-22.711,17.928,43.159,S_front_sup',left,2.678425,5138.878,6946.7275,3.0021439,0.21762928,14.348864,0.628469385,27.524885,28.857038,-0.142447649,33.179333,0.7604759,0.41317213,1.2744799,10.506168,2.7819042,-0.346680251,607.06586,7.6843915,-0.482595401,0.003455733,16.87321,1.2325758,27.982386
S front sup,RF,right,1,22.69,18.148,44.827,S_front_sup',right,2.66888,5337.5337,7063.172,2.7625713,0.3207746,15.991121,0.725421083,27.98437,30.145365,0.299161332,31.39648,0.75977814,0.49271193,1.2724564,11.248837,3.4053953,-0.397424845,485.33075,7.6996665,-0.125656685,0.045466047,19.456367,1.29467,29.02118
S interm prim-Jensen,LP,left,1,-49.911,-52.26,30.213,S_interm_prim-Jensen',left,2.680422,5291.253,6825.394,6.1301394,-0.14837661,13.765596,1.292104359,25.910395,37.552135,0.528191448,39.150536,0.6369234,0.66516507,0.9081407,11.134489,4.6591067,-0.29742369,770.0474,7.271089,0.636518176,0.101358615,19.180521,1.4454317,28.133043
S interm prim-Jensen,RP,right,1,47.946,-44.615,35.704,S_interm_prim-Jensen',right,2.615832,5450.299,6738.1343,2.8921816,0.31785983,16.19161,1.089060486,27.548754,36.10021,0.444232182,31.698399,0.87126505,0.52829754,1.1914424,11.193358,3.9436524,-0.585717468,619.1386,7.514352,0.554295186,0.08013896,16.437979,1.307129,26.589207
S intrapariet and P trans,LP,left,1,-28.528,-58.348,38.653,S_intrapariet_and_P_trans',left,2.37246,5527.2,7229.6416,0.29311025,1.7135417,13.91634,0.741843527,27.122602,27.464413,-0.512802482,29.81968,0.95675236,0.4516283,1.5506362,10.259416,3.6927333,-0.931934664,533.6477,7.602115,-0.549219941,0.038161963,14.969176,1.2196175,17.852291
S intrapariet and P trans,RP,right,3,30.463,-56.032,42.846,S_intrapariet_and_P_trans',right,2.375018,5514.203,6996.1816,-0.56854266,1.712761,14.053418,0.789431283,27.142466,28.768738,-0.180020917,31.063812,0.8460963,0.45727122,1.2820842,10.697673,3.8209717,-0.904707893,566.1153,7.5020504,-0.406784611,0.054109752,15.130719,1.2114037,19.0917
S oc-temp lat,LT,left,3,-30.314,-85.287,3.81,S_oc_middle_and_Lunatus',left,2.3280113,5269.7495,6619.091,-3.7164543,4.6388435,9.966229,0.68464463,27.233,28.043045,-0.016266357,42.567436,1.2028047,0.4446896,2.5347257,10.025766,3.648219,-1.034185558,703.1578,7.3905864,-1.309970622,0.03753093,13.0073185,1.1906497,5.703125
S oc-temp lat,RT,right,3,32.802,-82.079,6.453,S_oc_middle_and_Lunatus',right,2.329427,5236.9907,6625.3936,-3.7538373,4.6750154,11.028124,0.83349907,28.297485,30.028915,-0.026758472,38.434353,1.0108932,0.5373977,1.9491448,10.381855,3.8068738,-1.064169043,654.666,7.608227,-0.925878404,0.051344384,13.413883,1.197395,7.370563
S oc-temp med and Lingual,LT,left,3,-26.886,-80.465,17.196,S_oc_sup_and_transversal',left,2.3573003,5374.8193,6780.7817,-3.854716,4.8364477,11.5647,0.660484615,27.430182,27.131691,-0.303010375,38.869877,1.1381129,0.41691774,2.4395506,10.036247,3.735991,-1.075784835,624.85803,7.717773,-1.06755353,0.05633552,13.989289,1.2028661,8.297394
S oc-temp med and Lingual,RT,right,3,27.821,-77.321,20.078,S_oc_sup_and_transversal',right,2.338145,5370.021,6741.074,-3.9396236,4.912529,10.531178,0.790222936,28.094187,27.730036,-0.243756705,31.038322,0.65465134,0.4730841,1.2779657,10.579408,3.857331,-1.041455033,530.67755,7.739304,-0.916358708,0.043129817,13.954296,1.1935738,8.952432
S oc middle and Lunatus,LO,left,3,-41.84,-49.887,-14.185,S_oc-temp_lat',left,2.8029866,4933.0566,6016.441,-1.9180905,2.8523443,17.514109,0.977198167,30.873222,30.152515,-0.725495549,42.308414,1.6306312,0.451202,2.8229108,9.059237,3.2539136,-0.808746535,790.9877,7.4671845,-0.639731002,-0.04105574,11.936985,1.2186205,19.690044
S oc middle and Lunatus,RO,right,3,43.127,-50.709,-13.523,S_oc-temp_lat',right,2.751778,4971.96,5986.509,-2.5591674,3.0007713,17.088472,1.181562095,31.063185,30.415524,-0.317292476,23.364073,0.5927612,0.48971546,1.0220672,9.873661,3.5009813,-0.705833496,430.49142,7.61929,-0.503075584,-0.011769331,12.213722,1.2598941,20.081015
S oc sup and transversal,LO,left,3,-30.414,-48.15,-9.37,S_oc-temp_med_and_Lingual',left,2.6615531,4968.843,5702.3574,-1.7762766,3.455924,17.97536,1.226114207,31.113731,39.39592,-0.147581262,39.387196,1.5256145,0.44745284,4.31268,9.721707,3.901394,-0.595726952,743.48456,7.3525715,-0.122350018,0.007841248,15.406938,1.3219647,14.919316
S oc sup and transversal,RO,right,3,31.511,-46.227,-10.155,S_oc-temp_med_and_Lingual',right,2.6299691,4830.2876,5633.901,-2.410427,3.9121768,17.23891,1.253059442,30.834173,39.45856,-0.208765569,30.534103,1.0786929,0.45647156,3.0428457,9.901831,3.914687,-0.685735948,556.1188,7.367251,-0.173378583,-0.010697249,15.273339,1.3086218,14.767501
S occipital ant,LO,left,3,-41.7,-68.154,0.278,S_occipital_ant',left,2.6112037,5203.9204,6330.254,-3.977935,3.736738,14.051826,0.885928505,28.992884,37.844513,-0.135092347,39.83672,1.1797758,0.49505848,2.2258565,9.552582,3.5137105,-0.498819049,705.33624,7.50673,-0.238228852,0.00421942,13.186274,1.1887026,16.54443
S occipital ant,RO,right,3,42.996,-65.226,4.085,S_occipital_ant',right,2.561344,5201.9497,6248.108,-4.0662074,3.747812,16.849226,1.086032343,30.087357,35.864983,0.190565072,45.43537,1.7301612,0.55313456,3.1918194,10.395438,3.937907,-0.444354023,698.7713,7.8420434,0.002265933,0.04774554,14.036386,1.231518,16.016563
S orbital-H Shaped,LPF,left,1,-39.46,40.593,-2.29,S_orbital_lateral',left,2.604082,5192.191,7025.976,5.5324364,0.08327194,16.197498,0.891951353,26.858887,32.3847,0.632376345,35.923084,1.0976726,0.5725109,1.9988016,10.317507,3.3800907,0.084431561,637.46985,7.5831814,0.024320035,0.07662924,16.335712,1.4045264,31.727583
S orbital-H Shaped,RPF,right,1,41.491,39.606,-1.682,S_orbital_lateral',right,2.5742981,5276.1504,7179.3525,3.1790702,0.10549058,18.820948,0.987803018,28.415623,32.943974,1.061528155,36.833664,1.4825778,0.5992995,2.6044478,11.672318,4.2214527,0.149822423,792.1234,7.5039644,0.59100541,0.13429245,18.42753,1.4081011,31.82458
S orbital lateral,LPF,left,1,-12.768,24.56,-17.598,S_orbital_med-olfact',left,2.4681025,4757.4893,6077.975,5.0722804,-0.10744803,23.582241,1.460595035,35.528015,40.98797,0.415585343,41.31957,1.3692851,0.41398692,3.5676327,9.6155405,3.9567378,1.190902659,519.3383,8.034885,0.175231181,-0.029837841,23.595135,1.4481099,33.309433
S orbital lateral,RPF,right,1,13.776,22.903,-16.664,S_orbital_med-olfact',right,2.5077953,5043.6567,6384.726,4.1113396,-0.08405338,22.898392,1.448629973,36.039864,41.73664,0.474898977,40.98681,1.5115192,0.37537318,3.8296998,9.616168,4.013811,1.093138372,589.55914,7.7964363,0.107128691,-0.033938657,26.834846,1.4263257,34.29199
S orbital med-olfact,LPF,left,1,-24.206,34.927,-11.657,S_orbital-H_Shaped',left,2.7666914,4988.7256,6574.6973,2.3683417,0.11979522,15.716386,0.78605504,29.951939,32.094635,0.101007987,46.00438,1.480293,0.39446864,3.1633847,9.093297,2.449658,-0.300378411,528.795,8.202572,-0.893572255,-0.047201715,14.620301,1.2442671,29.267607
S orbital med-olfact,RPF,right,1,24.293,35.417,-11.756,S_orbital-H_Shaped',right,2.769199,5159.201,6701.1294,2.8657343,0.24264923,16.283377,0.823151805,30.526484,32.055435,0.258692707,45.154655,1.3858023,0.41310322,3.1202414,9.774374,2.7590024,-0.226981503,559.54504,8.095157,-0.79607917,0.002577296,16.687872,1.2768089,29.24676
S parieto occipital,LP,left,3,-16.599,-67.45,22.655,S_parieto_occipital',left,2.4146008,5534.886,6928.9795,-0.6744403,2.332988,17.120926,0.736885232,29.574907,24.13166,-0.125377977,39.50565,1.2189807,0.57698905,3.2587085,10.15141,4.378875,-0.74702073,677.54724,7.9723244,0.22832992,0.082479045,18.264217,1.2270988,11.220729
S parieto occipital,RP,right,3,17.959,-65.668,24.804,S_parieto_occipital',right,2.418342,5548.8164,7031.083,-1.1501268,2.48239,16.214186,0.606129894,29.493734,22.714718,-0.944452243,39.54402,1.2493898,0.44872472,3.490794,9.954371,3.6062133,-1.075176266,601.11786,7.784429,-0.015353033,0.008259079,16.205103,1.1540337,11.61479
S pericallosal,LL,left,1,-6.016,-10.328,25.728,S_pericallosal',left,1.8290812,4911.022,6359.3438,1.6207218,-0.089786,10.586933,0.321197507,30.886637,16.326004,-2.031114103,18.574512,0.62696,0.107886866,2.3341923,8.313409,1.8240966,-0.031340803,559.6173,5.437038,-2.534472683,-0.10707324,13.158852,1.0658224,10.561942
S pericallosal,RL,right,1,7.329,-8.271,25.71,S_pericallosal',right,2.2022386,4941.778,6162.1245,1.5193528,-0.029932192,11.595915,0.299227732,30.74276,15.831124,-2.167840198,17.088663,0.6067805,0.0638932,2.3167055,8.425785,1.5926857,-0.332599475,576.5151,5.486707,-2.61902053,-0.10155676,13.7856045,1.0500474,12.659093
S postcentral,LC,left,2,-36.815,-36.102,41.146,S_postcentral',left,2.321745,5229.8325,6396.7734,-3.952158,-1.1531639,12.744862,0.801392202,26.965755,29.75579,-0.460506083,26.027668,0.7923756,0.41054016,1.4874805,9.930355,3.4705102,-0.333288297,499.62527,7.3215013,-0.511913091,0.06322765,15.346258,1.2415519,21.415257
S postcentral,RC,right,2,36.512,-34.916,42.321,S_postcentral',right,2.317569,5333.522,6448.6895,-4.6466904,-1.5474329,14.589317,0.746699701,27.425184,26.971138,-0.392955839,22.917229,0.7095912,0.37016764,1.4293135,10.43009,3.314616,-0.374148579,415.37894,7.3044677,-0.431331098,0.108040914,15.203043,1.1940837,20.290306
S precentral-inf-part,LC,left,1,-43.352,2.957,27.034,S_precentral-inf-part',left,2.7135823,5439.4785,7131.8154,0.60083455,0.6031635,12.114284,0.590045824,29.57612,27.760532,-0.261663571,43.57473,1.4676015,0.37676713,2.845519,10.265253,2.5523202,0.18055136,718.34485,8.252517,-0.119024638,-0.010656382,14.023528,1.1650519,26.140493
S precentral-inf-part,RC,right,1,42.614,4.307,27.246,S_precentral-inf-part',right,2.7145858,5688.909,7334.495,0.2966982,0.8507036,16.422497,0.693466625,30.17508,27.834646,0.26270934,39.985302,1.0918804,0.4666758,2.0990574,11.357109,3.1535306,0.189223464,566.1539,7.9036355,0.233333337,0.06043975,16.869143,1.2334743,25.384613
S precentral-sup-part,LC,left,2,-26.797,-9.499,50.401,S_precentral-sup-part',left,2.5972002,5334.1177,6802.342,-3.7133968,-0.6930461,12.237964,0.475728259,26.819607,25.482058,-0.46831597,34.369553,0.9230282,0.32276207,1.8642429,10.342603,2.2289948,0.119855975,502.7811,7.752182,-0.827062928,0.038301196,15.815935,1.1522517,23.905546
S precentral-sup-part,RC,right,2,26.621,-8.68,51.56,S_precentral-sup-part',right,2.6113203,5475.689,7009.3286,-3.781588,-0.30502132,13.432063,0.545987474,27.22972,25.65645,-0.158093872,33.83267,0.8787978,0.33663863,1.7395116,11.006918,2.703795,0.101887881,508.94046,7.684709,-0.76313428,0.06756939,17.696661,1.1813025,24.228455
S suborbital,LPF,left,1,-8.559,38.452,-11.471,S_suborbital',left,2.8709278,5225.599,6478.038,5.7690797,-0.040715523,24.683308,1.093593195,31.71592,43.042744,0.719202286,31.676733,0.7261706,0.5434559,1.7541051,10.11941,4.3117814,0.384256731,290.2276,8.21156,1.614242679,0.01033069,25.267393,1.5101516,35.935757
S suborbital,RPF,right,1,8.781,42.174,-14.271,S_suborbital',right,2.6963098,5237.422,6753.377,5.8440723,-0.06357399,24.843655,1.080357372,30.182749,41.19599,0.888299967,42.820423,1.1953822,0.54258066,2.421255,10.867141,4.6563845,0.097725673,473.2113,8.119341,1.539041189,0.053495426,23.255495,1.5218817,34.61683
S subparietal,LP,left,1,-10.867,-50.05,34.979,S_subparietal',left,2.6540427,5460.484,6987.99,5.4608235,0.006671047,19.970005,0.84767697,30.207167,29.137775,-0.225021942,38.212437,1.2151082,0.5919869,2.4784563,10.909812,4.478798,0.228338483,518.7339,7.9493732,1.210861488,0.07115919,20.176373,1.3583395,24.67524
S subparietal,RP,right,1,10.497,-50.187,36.502,S_subparietal',right,2.6938426,5633.987,7083.848,5.089624,0.09349358,20.685768,0.755220067,29.95566,29.284811,-0.286572379,44.951874,1.4641339,0.5089302,2.9863796,10.66505,4.0332174,0.323790704,563.0389,7.946312,0.963931374,0.05017337,18.153843,1.2985233,25.714693
S temporal inf,LT,left,1,-52.545,-38.438,-16.527,S_temporal_inf',left,2.9365501,4755.3057,5980.2344,4.110333,0.6327716,14.6369915,1.161136428,29.781048,42.38001,4.06E-05,40.342587,1.5397711,0.49934405,2.1148493,8.836288,2.8967793,-0.521388824,640.69763,7.878282,-0.454353496,-0.0427478,11.354301,1.2415811,24.28218
S temporal inf,RT,right,1,53.027,-39.85,-15.285,S_temporal_inf',right,2.9144497,4837.4224,6070.87,3.736235,0.28115806,17.293518,1.443852059,30.53765,44.674408,0.72553008,32.99499,1.0428451,0.5721003,1.3866432,10.288166,3.4764664,-0.517659165,468.53058,7.778913,0.022894313,0.04154514,13.10212,1.3056966,24.253643
S temporal sup,LT,left,1,-48.624,-47.475,5.828,S_temporal_sup',left,2.7691634,5121.9795,6208.52,3.2588332,0.17668681,16.166893,1.150968596,29.63922,37.43946,-0.087752561,36.175156,1.0998384,0.4996511,1.95899,9.670397,3.557059,-0.188808209,494.19336,7.739006,-0.013406666,-0.006473037,14.500051,1.2656654,24.341568
S temporal sup,RT,right,1,48.138,-43.634,8.103,S_temporal_sup',right,2.7618454,5195.7554,6246.6343,1.6581099,0.38458773,19.562357,1.199347866,30.944302,36.645424,0.162680356,35.988033,1.1377816,0.50679135,2.089701,10.541463,3.6949437,-0.339674175,530.7472,7.8307867,0.591376047,0.044625353,14.377945,1.2534292,24.735714
S temporal transverse,LT,left,2,-50.606,-25.294,2.119,S_temporal_transverse',left,2.7536747,5621.259,6874.55,-3.5899045,-1.427069,14.454072,0.801992632,30.470856,32.367584,-0.419786963,56.278362,2.1553233,0.4371592,6.2984867,9.903948,2.9711518,1.442686737,916.1773,9.403851,-0.014791565,0.06534107,17.315327,1.1554116,11.846527
S temporal transverse,RT,right,2,51.842,-22.388,4.422,S_temporal_transverse',right,2.741153,5874.203,7216.1157,-3.641353,-1.3819637,19.133472,1.029209543,30.821234,34.361443,0.501009262,57.223476,1.9829556,0.5164345,5.6130285,10.780006,4.514782,2.007687818,886.22736,9.496419,0.965562179,0.18799447,21.62919,1.2854286,11.761294